"gene1","gene2","FisherExactTest.p_value"
"KMT2C","TYRO3",2.61006209644793e-06
"TYRO3","KMT2C",2.61006209644794e-06
"KMT2C","SPEN",6.38620785667641e-06
"SPEN","KMT2C",6.38620785667641e-06
"IRS4","KMT2C",5.1800051800052e-05
"KMT2C","IRS4",5.1800051800052e-05
"TP53","KMT2C",0.000141595877424309
"KMT2C","TP53",0.000141595877424309
"FBLN1","KMT2C",0.000158778419647985
"KMT2C","FBLN1",0.000158778419647985
"KMT2C","TTN",0.000178236824523496
"TTN","KMT2C",0.000178236824523496
"BLM","KMT2C",0.000525561395126612
"KMT2C","BLM",0.000525561395126612
"KMT2C","PSD3",0.000525561395126612
"KMT2C","ZNF93",0.000525561395126612
"PSD3","KMT2C",0.000525561395126612
"ZNF93","KMT2C",0.000525561395126612
"KMT2C","MUC16",0.00063793140111
"MUC16","KMT2C",0.00063793140111
"TYRO3","CUBN",0.000922838771135983
"CUBN","TYRO3",0.000922838771135984
"KMT2C","ERBB4",0.00108470724898551
"ERBB4","KMT2C",0.00108470724898551
"KMT2C","ZNF716",0.00109945027486257
"ZNF716","KMT2C",0.00109945027486257
"MYCBP2","TYRO3",0.00117752904130613
"TYRO3","MYCBP2",0.00117752904130613
"KMT2C","ANKRD30A",0.00144251883382318
"KMT2C","RNF168",0.00144251883382318
"KMT2C","UBR5",0.00144251883382318
"ANKRD30A","KMT2C",0.00144251883382318
"RNF168","KMT2C",0.00144251883382318
"UBR5","KMT2C",0.00144251883382318
"KMT2C","ERBB3",0.00165848072018327
"ERBB3","KMT2C",0.00165848072018327
"KIAA0947","KMT2C",0.00190099755317147
"KMT2C","KIAA0947",0.00190099755317147
"KMT2C","MUC5B",0.00190099755317147
"KMT2C","RC3H2",0.00190099755317147
"KMT2C","RICTOR",0.00190099755317147
"KMT2C","ZNF99",0.00190099755317147
"MUC5B","KMT2C",0.00190099755317147
"RC3H2","KMT2C",0.00190099755317147
"RICTOR","KMT2C",0.00190099755317147
"ZNF99","KMT2C",0.00190099755317147
"DNAH8","TYRO3",0.00245098039215686
"LAMA3","TYRO3",0.00245098039215686
"TG","TYRO3",0.00245098039215686
"TYRO3","DNAH8",0.00245098039215686
"TYRO3","LAMA3",0.00245098039215686
"TYRO3","TG",0.00245098039215686
"DST","TYRO3",0.00275945618522009
"SYNE1","TYRO3",0.00275945618522009
"TYRO3","DST",0.00275945618522009
"TYRO3","SYNE1",0.00275945618522009
"KMT2C","ZNF721",0.00304719435154218
"ZNF721","KMT2C",0.00304719435154218
"CUBN","IRS4",0.00337309749074454
"IRS4","CUBN",0.00337309749074454
"SPEN","CUBN",0.00383743612064935
"CUBN","SPEN",0.00383743612064935
"BIRC6","TYRO3",0.00452488687782805
"RB1","TYRO3",0.00452488687782805
"TYRO3","BIRC6",0.00452488687782805
"TYRO3","RB1",0.00452488687782805
"TYRO3","XIRP2",0.00452488687782805
"XIRP2","TYRO3",0.00452488687782805
"KMT2C","BDP1",0.00465186986926117
"KMT2C","FMN2",0.00465186986926117
"KMT2C","LAMA1",0.00465186986926117
"BDP1","KMT2C",0.00465186986926117
"FMN2","KMT2C",0.00465186986926117
"LAMA1","KMT2C",0.00465186986926117
"TYRO3","ARHGAP21",0.0054137039431157
"TYRO3","CNTRL",0.0054137039431157
"TYRO3","DIDO1",0.0054137039431157
"TYRO3","KDM6A",0.0054137039431157
"TYRO3","MAST4",0.0054137039431157
"TYRO3","PRG4",0.0054137039431157
"TYRO3","RNF213",0.0054137039431157
"TYRO3","SRCAP",0.0054137039431157
"TYRO3","SZT2",0.0054137039431157
"ARHGAP21","TYRO3",0.00541370394311571
"CNTRL","TYRO3",0.00541370394311571
"DIDO1","TYRO3",0.00541370394311571
"KDM6A","TYRO3",0.00541370394311571
"MAST4","TYRO3",0.00541370394311571
"PRG4","TYRO3",0.00541370394311571
"RNF213","TYRO3",0.00541370394311571
"SRCAP","TYRO3",0.00541370394311571
"SZT2","TYRO3",0.00541370394311571
"ARID1A","KMT2C",0.00548187444739168
"KMT2C","ARID1A",0.00548187444739168
"KMT2C","MDN1",0.00548187444739168
"MDN1","KMT2C",0.00548187444739168
"KMT2D","TYRO3",0.00595748009935652
"TYRO3","KMT2D",0.00595748009935652
"NBPF10","TYRO3",0.00627133444470905
"TYRO3","NBPF10",0.00627133444470906
"FAT4","TYRO3",0.0075187969924812
"ZNF626","TYRO3",0.0075187969924812
"TYRO3","FAT4",0.0075187969924812
"TYRO3","ZNF626",0.0075187969924812
"CKAP5","KMT2C",0.00762281197063806
"CMYA5","KMT2C",0.00762281197063806
"COL11A2","KMT2C",0.00762281197063806
"DIAPH3","KMT2C",0.00762281197063806
"FAM208B","KMT2C",0.00762281197063806
"FAT3","KMT2C",0.00762281197063806
"HNRNPM","KMT2C",0.00762281197063806
"KMT2C","CKAP5",0.00762281197063806
"KMT2C","CMYA5",0.00762281197063806
"KMT2C","COL11A2",0.00762281197063806
"KMT2C","DIAPH3",0.00762281197063806
"KMT2C","FAM208B",0.00762281197063806
"KMT2C","FAT3",0.00762281197063806
"KMT2C","HNRNPM",0.00762281197063806
"KMT2C","KPRP",0.00762281197063806
"KMT2C","MUC7",0.00762281197063806
"KMT2C","MYO10",0.00762281197063806
"KMT2C","MYO16",0.00762281197063806
"KMT2C","OR5L2",0.00762281197063806
"KMT2C","PIK3CG",0.00762281197063806
"KMT2C","PLXNA2",0.00762281197063806
"KMT2C","ROBO1",0.00762281197063806
"KMT2C","RXRA",0.00762281197063806
"KMT2C","SCN1A",0.00762281197063806
"KMT2C","TCHH",0.00762281197063806
"KMT2C","WDR7",0.00762281197063806
"KMT2C","ZNF57",0.00762281197063806
"KMT2C","ZNF678",0.00762281197063806
"KMT2C","ZNF814",0.00762281197063806
"KMT2C","ZNF878",0.00762281197063806
"KPRP","KMT2C",0.00762281197063806
"MUC7","KMT2C",0.00762281197063806
"MYO10","KMT2C",0.00762281197063806
"MYO16","KMT2C",0.00762281197063806
"OR5L2","KMT2C",0.00762281197063806
"PIK3CG","KMT2C",0.00762281197063806
"PLXNA2","KMT2C",0.00762281197063806
"ROBO1","KMT2C",0.00762281197063806
"RXRA","KMT2C",0.00762281197063806
"SCN1A","KMT2C",0.00762281197063806
"TCHH","KMT2C",0.00762281197063806
"WDR7","KMT2C",0.00762281197063806
"ZNF57","KMT2C",0.00762281197063806
"ZNF678","KMT2C",0.00762281197063806
"ZNF814","KMT2C",0.00762281197063806
"ZNF878","KMT2C",0.00762281197063806
"FBLN1","CUBN",0.00874125874125874
"CUBN","FBLN1",0.00874125874125874
"KMT2C","NEB",0.00893100458317851
"NEB","KMT2C",0.00893100458317851
"SPEN","MYCBP2",0.00935754345049696
"MYCBP2","SPEN",0.00935754345049697
"IRS4","DNAH8",0.0101010101010101
"IRS4","LAMA3",0.0101010101010101
"IRS4","MYCBP2",0.0101010101010101
"IRS4","TG",0.0101010101010101
"MYCBP2","FBLN1",0.0101010101010101
"MYCBP2","IRS4",0.0101010101010101
"DNAH8","IRS4",0.0101010101010101
"FBLN1","MYCBP2",0.0101010101010101
"LAMA3","IRS4",0.0101010101010101
"TG","IRS4",0.0101010101010101
"DNAH8","SPEN",0.0105716372582939
"LAMA3","SPEN",0.0105716372582939
"TG","SPEN",0.0105716372582939
"SPEN","DNAH8",0.0105716372582939
"SPEN","LAMA3",0.0105716372582939
"SPEN","TG",0.0105716372582939
"BLM","CUBN",0.010989010989011
"CUBN","BLM",0.010989010989011
"CUBN","PSD3",0.010989010989011
"CUBN","ZNF93",0.010989010989011
"PSD3","CUBN",0.010989010989011
"ZNF93","CUBN",0.010989010989011
"FRG1B","KMT2C",0.0118023293855918
"KMT2C","FRG1B",0.0118023293855918
"SPEN","DST",0.0119883606583805
"SPEN","SYNE1",0.0119883606583805
"DST","SPEN",0.0119883606583805
"SYNE1","SPEN",0.0119883606583805
"TYRO3","AHNAK2",0.0128205128205128
"TYRO3","DYNC1H1",0.0128205128205128
"TYRO3","FAM47C",0.0128205128205128
"TYRO3","FRY",0.0128205128205128
"TYRO3","MUC17",0.0128205128205128
"TYRO3","PCLO",0.0128205128205128
"TYRO3","VPS13D",0.0128205128205128
"TYRO3","ZNF479",0.0128205128205128
"TYRO3","ZNF708",0.0128205128205128
"AGO3","TYRO3",0.0128205128205128
"ARID4B","TYRO3",0.0128205128205128
"BOD1L1","TYRO3",0.0128205128205128
"BRWD1","TYRO3",0.0128205128205128
"C17orf70","TYRO3",0.0128205128205128
"CACNA1G","TYRO3",0.0128205128205128
"DNAH9","TYRO3",0.0128205128205128
"EIF2AK4","TYRO3",0.0128205128205128
"FLNB","TYRO3",0.0128205128205128
"FRMPD1","TYRO3",0.0128205128205128
"IMMT","TYRO3",0.0128205128205128
"KALRN","TYRO3",0.0128205128205128
"KIAA0922","TYRO3",0.0128205128205128
"KIAA1377","TYRO3",0.0128205128205128
"LCT","TYRO3",0.0128205128205128
"MAGEC1","TYRO3",0.0128205128205128
"MYH1","TYRO3",0.0128205128205128
"MYH15","TYRO3",0.0128205128205128
"MYH4","TYRO3",0.0128205128205128
"PAN2","TYRO3",0.0128205128205128
"POLR2A","TYRO3",0.0128205128205128
"ROBO2","TYRO3",0.0128205128205128
"TATDN2","TYRO3",0.0128205128205128
"TRIP11","TYRO3",0.0128205128205128
"TYRO3","AGO3",0.0128205128205128
"TYRO3","ARID4B",0.0128205128205128
"TYRO3","BOD1L1",0.0128205128205128
"TYRO3","BRWD1",0.0128205128205128
"TYRO3","C17orf70",0.0128205128205128
"TYRO3","CACNA1G",0.0128205128205128
"TYRO3","DNAH9",0.0128205128205128
"TYRO3","EIF2AK4",0.0128205128205128
"TYRO3","FLNB",0.0128205128205128
"TYRO3","FRMPD1",0.0128205128205128
"TYRO3","IMMT",0.0128205128205128
"TYRO3","KALRN",0.0128205128205128
"TYRO3","KIAA0922",0.0128205128205128
"TYRO3","KIAA1377",0.0128205128205128
"TYRO3","LCT",0.0128205128205128
"TYRO3","MAGEC1",0.0128205128205128
"TYRO3","MYH1",0.0128205128205128
"TYRO3","MYH15",0.0128205128205128
"TYRO3","MYH4",0.0128205128205128
"TYRO3","PAN2",0.0128205128205128
"TYRO3","POLR2A",0.0128205128205128
"TYRO3","ROBO2",0.0128205128205128
"TYRO3","TATDN2",0.0128205128205128
"TYRO3","TRIP11",0.0128205128205128
"TYRO3","VCAN",0.0128205128205128
"TYRO3","ZFP36L1",0.0128205128205128
"TYRO3","ZNF780A",0.0128205128205128
"TYRO3","ZZEF1",0.0128205128205128
"VCAN","TYRO3",0.0128205128205128
"ZFP36L1","TYRO3",0.0128205128205128
"ZNF780A","TYRO3",0.0128205128205128
"ZZEF1","TYRO3",0.0128205128205128
"AHNAK2","TYRO3",0.0128205128205128
"DYNC1H1","TYRO3",0.0128205128205128
"FAM47C","TYRO3",0.0128205128205128
"FRY","TYRO3",0.0128205128205128
"MUC17","TYRO3",0.0128205128205128
"PCLO","TYRO3",0.0128205128205128
"VPS13D","TYRO3",0.0128205128205128
"ZNF479","TYRO3",0.0128205128205128
"ZNF708","TYRO3",0.0128205128205128
"ZNF91","TYRO3",0.0130569390227487
"TYRO3","ZNF91",0.0130569390227487
"KMT2C","ZNF208",0.0131770343116283
"ZNF208","KMT2C",0.0131770343116283
"DCC","KMT2C",0.0148148148148148
"KMT2C","DCC",0.0148148148148148
"KMT2C","ZNF737",0.0148148148148148
"ZNF737","KMT2C",0.0148148148148148
"BIRC6","IRS4",0.0152200740436035
"RB1","IRS4",0.0152200740436035
"XIRP2","IRS4",0.0152200740436035
"IRS4","BIRC6",0.0152200740436035
"IRS4","RB1",0.0152200740436035
"IRS4","XIRP2",0.0152200740436035
"ARHGAP39","KMT2C",0.0162055335968379
"ASTN1","KMT2C",0.0162055335968379
"DNAH11","KMT2C",0.0162055335968379
"KMT2C","ARHGAP39",0.0162055335968379
"KMT2C","ASTN1",0.0162055335968379
"KMT2C","DNAH11",0.0162055335968379
"KMT2C","MDC1",0.0162055335968379
"KMT2C","MUC4",0.0162055335968379
"KMT2C","PDZRN4",0.0162055335968379
"KMT2C","RAI14",0.0162055335968379
"KMT2C","UBR2",0.0162055335968379
"KMT2C","ZNF521",0.0162055335968379
"MDC1","KMT2C",0.0162055335968379
"MUC4","KMT2C",0.0162055335968379
"PDZRN4","KMT2C",0.0162055335968379
"RAI14","KMT2C",0.0162055335968379
"UBR2","KMT2C",0.0162055335968379
"ZNF521","KMT2C",0.0162055335968379
"SPEN","BIRC6",0.0166194322193742
"SPEN","RB1",0.0166194322193742
"SPEN","XIRP2",0.0166194322193742
"BIRC6","SPEN",0.0166194322193742
"RB1","SPEN",0.0166194322193742
"XIRP2","SPEN",0.0166194322193742
"ACIN1","TYRO3",0.016640866873065
"PIK3CA","TYRO3",0.016640866873065
"SYNE2","TYRO3",0.016640866873065
"TYRO3","ACIN1",0.016640866873065
"TYRO3","PIK3CA",0.016640866873065
"TYRO3","SYNE2",0.016640866873065
"DST","FBLN1",0.0197666110978804
"DST","IRS4",0.0197666110978804
"IRS4","DST",0.0197666110978804
"IRS4","SYNE1",0.0197666110978804
"SYNE1","FBLN1",0.0197666110978804
"SYNE1","IRS4",0.0197666110978804
"FBLN1","DST",0.0197666110978804
"FBLN1","SYNE1",0.0197666110978804
"TP53","CUBN",0.019793999104344
"CUBN","TP53",0.019793999104344
"ARHGAP21","SPEN",0.0220735785953177
"CNTRL","SPEN",0.0220735785953177
"DIDO1","SPEN",0.0220735785953177
"KDM6A","SPEN",0.0220735785953177
"MAST4","SPEN",0.0220735785953177
"PRG4","SPEN",0.0220735785953177
"RNF213","SPEN",0.0220735785953177
"SRCAP","SPEN",0.0220735785953177
"SZT2","SPEN",0.0220735785953177
"SPEN","ARHGAP21",0.0220735785953177
"SPEN","CNTRL",0.0220735785953177
"SPEN","DIDO1",0.0220735785953177
"SPEN","KDM6A",0.0220735785953177
"SPEN","MAST4",0.0220735785953177
"SPEN","PRG4",0.0220735785953177
"SPEN","RNF213",0.0220735785953177
"SPEN","SRCAP",0.0220735785953177
"SPEN","SZT2",0.0220735785953177
"CUBN","KIAA0947",0.022977022977023
"CUBN","MUC5B",0.022977022977023
"CUBN","RC3H2",0.022977022977023
"CUBN","RICTOR",0.022977022977023
"CUBN","ZNF99",0.022977022977023
"KIAA0947","CUBN",0.022977022977023
"MUC5B","CUBN",0.022977022977023
"RC3H2","CUBN",0.022977022977023
"RICTOR","CUBN",0.022977022977023
"ZNF99","CUBN",0.022977022977023
"ZNF430","TYRO3",0.0237358101135191
"TYRO3","ZNF430",0.0237358101135191
"KMT2C","ZNF91",0.0247894485936755
"ZNF91","KMT2C",0.0247894485936755
"FAT4","IRS4",0.024818318935966
"ZNF626","IRS4",0.024818318935966
"IRS4","FAT4",0.024818318935966
"IRS4","ZNF626",0.024818318935966
"ARHGAP21","IRS4",0.0256410256410256
"BLM","MYCBP2",0.0256410256410256
"CNTRL","IRS4",0.0256410256410256
"DIDO1","IRS4",0.0256410256410256
"IRS4","ARHGAP21",0.0256410256410256
"IRS4","CNTRL",0.0256410256410256
"IRS4","DIDO1",0.0256410256410256
"IRS4","KDM6A",0.0256410256410256
"IRS4","MAST4",0.0256410256410256
"IRS4","PRG4",0.0256410256410256
"IRS4","RNF213",0.0256410256410256
"IRS4","SRCAP",0.0256410256410256
"IRS4","SZT2",0.0256410256410256
"KDM6A","IRS4",0.0256410256410256
"MAST4","IRS4",0.0256410256410256
"MYCBP2","BLM",0.0256410256410256
"MYCBP2","PSD3",0.0256410256410256
"MYCBP2","ZNF93",0.0256410256410256
"PRG4","IRS4",0.0256410256410256
"PSD3","MYCBP2",0.0256410256410256
"RNF213","IRS4",0.0256410256410256
"SRCAP","IRS4",0.0256410256410256
"SZT2","IRS4",0.0256410256410256
"ZNF93","MYCBP2",0.0256410256410256
"SPEN","KMT2D",0.0263966445230652
"KMT2D","SPEN",0.0263966445230652
"TYRO3","ALMS1",0.0276341305753071
"TYRO3","DSP",0.0276341305753071
"TYRO3","FLG2",0.0276341305753071
"TYRO3","LAMA2",0.0276341305753071
"TYRO3","LAMA5",0.0276341305753071
"TYRO3","MKI67",0.0276341305753071
"TYRO3","NLRC5",0.0276341305753071
"TYRO3","PLEC",0.0276341305753071
"TYRO3","USP31",0.0276341305753071
"ALMS1","TYRO3",0.0276341305753071
"DSP","TYRO3",0.0276341305753071
"FLG2","TYRO3",0.0276341305753071
"LAMA2","TYRO3",0.0276341305753071
"LAMA5","TYRO3",0.0276341305753071
"MKI67","TYRO3",0.0276341305753071
"NLRC5","TYRO3",0.0276341305753071
"PLEC","TYRO3",0.0276341305753071
"USP31","TYRO3",0.0276341305753071
"CDH1","KMT2C",0.0277591973244147
"CSMD2","KMT2C",0.0277591973244147
"DNAH10","KMT2C",0.0277591973244147
"PRPF8","KMT2C",0.0277591973244147
"RIF1","KMT2C",0.0277591973244147
"RYR1","KMT2C",0.0277591973244147
"ZNF43","KMT2C",0.0277591973244147
"ZNF714","KMT2C",0.0277591973244147
"ZNF90","KMT2C",0.0277591973244147
"KMT2C","CDH1",0.0277591973244147
"KMT2C","CSMD2",0.0277591973244147
"KMT2C","DNAH10",0.0277591973244147
"KMT2C","PRPF8",0.0277591973244147
"KMT2C","RIF1",0.0277591973244147
"KMT2C","RYR1",0.0277591973244147
"KMT2C","ZNF43",0.0277591973244147
"KMT2C","ZNF714",0.0277591973244147
"KMT2C","ZNF90",0.0277591973244147
"CUBN","TTN",0.0278611315877167
"TTN","CUBN",0.0278611315877167
"ARHGAP21","FBLN1",0.0291375291375291
"BLM","DNAH8",0.0291375291375291
"BLM","LAMA3",0.0291375291375291
"BLM","TG",0.0291375291375291
"CNTRL","FBLN1",0.0291375291375291
"DIDO1","FBLN1",0.0291375291375291
"DNAH8","BLM",0.0291375291375291
"DNAH8","PSD3",0.0291375291375291
"DNAH8","ZNF93",0.0291375291375291
"FBLN1","ARHGAP21",0.0291375291375291
"FBLN1","CNTRL",0.0291375291375291
"FBLN1","DIDO1",0.0291375291375291
"FBLN1","KDM6A",0.0291375291375291
"FBLN1","MAST4",0.0291375291375291
"FBLN1","PRG4",0.0291375291375291
"FBLN1","RNF213",0.0291375291375291
"FBLN1","SRCAP",0.0291375291375291
"FBLN1","SZT2",0.0291375291375291
"KDM6A","FBLN1",0.0291375291375291
"LAMA3","BLM",0.0291375291375291
"LAMA3","PSD3",0.0291375291375291
"LAMA3","ZNF93",0.0291375291375291
"MAST4","FBLN1",0.0291375291375291
"PRG4","FBLN1",0.0291375291375291
"PSD3","DNAH8",0.0291375291375291
"PSD3","LAMA3",0.0291375291375291
"PSD3","TG",0.0291375291375291
"RNF213","FBLN1",0.0291375291375291
"SRCAP","FBLN1",0.0291375291375291
"SZT2","FBLN1",0.0291375291375291
"TG","BLM",0.0291375291375291
"TG","PSD3",0.0291375291375291
"TG","ZNF93",0.0291375291375291
"ZNF93","DNAH8",0.0291375291375291
"ZNF93","LAMA3",0.0291375291375291
"ZNF93","TG",0.0291375291375291
"DNAH8","FBLN1",0.0291375291375292
"FBLN1","DNAH8",0.0291375291375292
"FBLN1","LAMA3",0.0291375291375292
"FBLN1","TG",0.0291375291375292
"LAMA3","FBLN1",0.0291375291375292
"TG","FBLN1",0.0291375291375292
"KMT2D","IRS4",0.0302059496567505
"IRS4","KMT2D",0.0302059496567506
"TYRO3","ERBB4",0.0304230548748882
"ERBB4","TYRO3",0.0304230548748882
"KMT2C","ZNF430",0.0312407898614795
"ZNF430","KMT2C",0.0312407898614795
"AGO3","IRS4",0.0318570318570319
"ARID4B","IRS4",0.0318570318570319
"BOD1L1","IRS4",0.0318570318570319
"BRWD1","IRS4",0.0318570318570319
"C17orf70","IRS4",0.0318570318570319
"CACNA1G","IRS4",0.0318570318570319
"DNAH9","IRS4",0.0318570318570319
"EIF2AK4","IRS4",0.0318570318570319
"FLNB","IRS4",0.0318570318570319
"FRMPD1","IRS4",0.0318570318570319
"IMMT","IRS4",0.0318570318570319
"IRS4","AGO3",0.0318570318570319
"IRS4","ARID4B",0.0318570318570319
"IRS4","BOD1L1",0.0318570318570319
"IRS4","BRWD1",0.0318570318570319
"IRS4","C17orf70",0.0318570318570319
"IRS4","CACNA1G",0.0318570318570319
"IRS4","DNAH9",0.0318570318570319
"IRS4","EIF2AK4",0.0318570318570319
"IRS4","FLNB",0.0318570318570319
"IRS4","FRMPD1",0.0318570318570319
"IRS4","IMMT",0.0318570318570319
"IRS4","KALRN",0.0318570318570319
"IRS4","KIAA0922",0.0318570318570319
"IRS4","KIAA1377",0.0318570318570319
"IRS4","LCT",0.0318570318570319
"IRS4","MAGEC1",0.0318570318570319
"IRS4","MYH1",0.0318570318570319
"IRS4","MYH15",0.0318570318570319
"IRS4","MYH4",0.0318570318570319
"IRS4","PAN2",0.0318570318570319
"IRS4","POLR2A",0.0318570318570319
"IRS4","ROBO2",0.0318570318570319
"IRS4","TATDN2",0.0318570318570319
"IRS4","TRIP11",0.0318570318570319
"IRS4","VCAN",0.0318570318570319
"IRS4","ZFP36L1",0.0318570318570319
"IRS4","ZNF780A",0.0318570318570319
"IRS4","ZZEF1",0.0318570318570319
"KALRN","IRS4",0.0318570318570319
"KIAA0922","IRS4",0.0318570318570319
"KIAA0947","MYCBP2",0.0318570318570319
"KIAA1377","IRS4",0.0318570318570319
"LCT","IRS4",0.0318570318570319
"MAGEC1","IRS4",0.0318570318570319
"MUC5B","MYCBP2",0.0318570318570319
"MYCBP2","KIAA0947",0.0318570318570319
"MYCBP2","MUC5B",0.0318570318570319
"MYCBP2","RC3H2",0.0318570318570319
"MYCBP2","RICTOR",0.0318570318570319
"MYCBP2","ZNF99",0.0318570318570319
"MYH1","IRS4",0.0318570318570319
"MYH15","IRS4",0.0318570318570319
"MYH4","IRS4",0.0318570318570319
"PAN2","IRS4",0.0318570318570319
"POLR2A","IRS4",0.0318570318570319
"RC3H2","MYCBP2",0.0318570318570319
"RICTOR","MYCBP2",0.0318570318570319
"ROBO2","IRS4",0.0318570318570319
"TATDN2","IRS4",0.0318570318570319
"TRIP11","IRS4",0.0318570318570319
"VCAN","IRS4",0.0318570318570319
"ZFP36L1","IRS4",0.0318570318570319
"ZNF780A","IRS4",0.0318570318570319
"ZNF99","MYCBP2",0.0318570318570319
"ZZEF1","IRS4",0.0318570318570319
"ABCA13","TYRO3",0.0329670329670329
"ABCF1","TYRO3",0.0329670329670329
"ACACB","TYRO3",0.0329670329670329
"ADAM21","TYRO3",0.0329670329670329
"APOB","TYRO3",0.0329670329670329
"BAZ2A","TYRO3",0.0329670329670329
"BRD7","TYRO3",0.0329670329670329
"C10orf118","TYRO3",0.0329670329670329
"CAD","TYRO3",0.0329670329670329
"CCDC8","TYRO3",0.0329670329670329
"DLGAP4","TYRO3",0.0329670329670329
"EP400","TYRO3",0.0329670329670329
"EPHA1","TYRO3",0.0329670329670329
"EPS15","TYRO3",0.0329670329670329
"FANCA","TYRO3",0.0329670329670329
"FEM1B","TYRO3",0.0329670329670329
"FGFR3","TYRO3",0.0329670329670329
"FLT4","TYRO3",0.0329670329670329
"FNBP4","TYRO3",0.0329670329670329
"FNDC3B","TYRO3",0.0329670329670329
"FREM2","TYRO3",0.0329670329670329
"GABRE","TYRO3",0.0329670329670329
"GAPVD1","TYRO3",0.0329670329670329
"GNL2","TYRO3",0.0329670329670329
"GYS2","TYRO3",0.0329670329670329
"IRS1","TYRO3",0.0329670329670329
"ITGB6","TYRO3",0.0329670329670329
"LAMB4","TYRO3",0.0329670329670329
"LRP1B","TYRO3",0.0329670329670329
"LRPPRC","TYRO3",0.0329670329670329
"MADD","TYRO3",0.0329670329670329
"MED13","TYRO3",0.0329670329670329
"MON2","TYRO3",0.0329670329670329
"NBEA","TYRO3",0.0329670329670329
"NUP153","TYRO3",0.0329670329670329
"NUP205","TYRO3",0.0329670329670329
"PASK","TYRO3",0.0329670329670329
"PCNT","TYRO3",0.0329670329670329
"PDE3A","TYRO3",0.0329670329670329
"PHF1","TYRO3",0.0329670329670329
"PHLPP2","TYRO3",0.0329670329670329
"PIK3R1","TYRO3",0.0329670329670329
"PRKD1","TYRO3",0.0329670329670329
"PRRC2A","TYRO3",0.0329670329670329
"PTGS1","TYRO3",0.0329670329670329
"RGL1","TYRO3",0.0329670329670329
"RPGRIP1","TYRO3",0.0329670329670329
"RREB1","TYRO3",0.0329670329670329
"SETBP1","TYRO3",0.0329670329670329
"SETD2","TYRO3",0.0329670329670329
"SMEK2","TYRO3",0.0329670329670329
"SMG7","TYRO3",0.0329670329670329
"SPTA1","TYRO3",0.0329670329670329
"STAG1","TYRO3",0.0329670329670329
"SYT10","TYRO3",0.0329670329670329
"TAS2R20","TYRO3",0.0329670329670329
"TP63","TYRO3",0.0329670329670329
"TRRAP","TYRO3",0.0329670329670329
"TYRO3","ABCA13",0.0329670329670329
"TYRO3","ABCF1",0.0329670329670329
"TYRO3","ACACB",0.0329670329670329
"TYRO3","ADAM21",0.0329670329670329
"TYRO3","APOB",0.0329670329670329
"TYRO3","BAZ2A",0.0329670329670329
"TYRO3","BRD7",0.0329670329670329
"TYRO3","C10orf118",0.0329670329670329
"TYRO3","CAD",0.0329670329670329
"TYRO3","CCDC8",0.0329670329670329
"TYRO3","DLGAP4",0.0329670329670329
"TYRO3","EP400",0.0329670329670329
"TYRO3","EPHA1",0.0329670329670329
"TYRO3","EPS15",0.0329670329670329
"TYRO3","FANCA",0.0329670329670329
"TYRO3","FEM1B",0.0329670329670329
"TYRO3","FGFR3",0.0329670329670329
"TYRO3","FLT4",0.0329670329670329
"TYRO3","FNBP4",0.0329670329670329
"TYRO3","FNDC3B",0.0329670329670329
"TYRO3","FREM2",0.0329670329670329
"TYRO3","GABRE",0.0329670329670329
"TYRO3","GAPVD1",0.0329670329670329
"TYRO3","GNL2",0.0329670329670329
"TYRO3","GYS2",0.0329670329670329
"TYRO3","IRS1",0.0329670329670329
"TYRO3","ITGB6",0.0329670329670329
"TYRO3","LAMB4",0.0329670329670329
"TYRO3","LRP1B",0.0329670329670329
"TYRO3","LRPPRC",0.0329670329670329
"TYRO3","MADD",0.0329670329670329
"TYRO3","MED13",0.0329670329670329
"TYRO3","MON2",0.0329670329670329
"TYRO3","NBEA",0.0329670329670329
"TYRO3","NUP153",0.0329670329670329
"TYRO3","NUP205",0.0329670329670329
"TYRO3","PASK",0.0329670329670329
"TYRO3","PCNT",0.0329670329670329
"TYRO3","PDE3A",0.0329670329670329
"TYRO3","PHF1",0.0329670329670329
"TYRO3","PHLPP2",0.0329670329670329
"TYRO3","PIK3R1",0.0329670329670329
"TYRO3","PRKD1",0.0329670329670329
"TYRO3","PRRC2A",0.0329670329670329
"TYRO3","PTGS1",0.0329670329670329
"TYRO3","RGL1",0.0329670329670329
"TYRO3","RPGRIP1",0.0329670329670329
"TYRO3","RREB1",0.0329670329670329
"TYRO3","SETBP1",0.0329670329670329
"TYRO3","SETD2",0.0329670329670329
"TYRO3","SMEK2",0.0329670329670329
"TYRO3","SMG7",0.0329670329670329
"TYRO3","SPTA1",0.0329670329670329
"TYRO3","STAG1",0.0329670329670329
"TYRO3","SYT10",0.0329670329670329
"TYRO3","TAS2R20",0.0329670329670329
"TYRO3","TP63",0.0329670329670329
"TYRO3","TRRAP",0.0329670329670329
"TYRO3","USP54",0.0329670329670329
"TYRO3","ZBTB33",0.0329670329670329
"TYRO3","ZMYND8",0.0329670329670329
"TYRO3","ZNF180",0.0329670329670329
"TYRO3","ZNF236",0.0329670329670329
"TYRO3","ZNF267",0.0329670329670329
"TYRO3","ZNF546",0.0329670329670329
"USP54","TYRO3",0.0329670329670329
"ZBTB33","TYRO3",0.0329670329670329
"ZMYND8","TYRO3",0.0329670329670329
"ZNF180","TYRO3",0.0329670329670329
"ZNF236","TYRO3",0.0329670329670329
"ZNF267","TYRO3",0.0329670329670329
"ZNF546","TYRO3",0.0329670329670329
"FRG1B","TYRO3",0.033005788127608
"TYRO3","FRG1B",0.033005788127608
"KMT2D","KMT2C",0.0334601463633722
"KMT2C","KMT2D",0.0334601463633722
"NBPF10","SPEN",0.0341506169991927
"SPEN","NBPF10",0.0341506169991927
"ARHGAP30","KMT2C",0.0344438170525127
"ARHGAP44","KMT2C",0.0344438170525127
"ARNTL","KMT2C",0.0344438170525127
"ASXL1","KMT2C",0.0344438170525127
"ATM","KMT2C",0.0344438170525127
"BMP1","KMT2C",0.0344438170525127
"C19orf57","KMT2C",0.0344438170525127
"C2orf16","KMT2C",0.0344438170525127
"C4orf21","KMT2C",0.0344438170525127
"CAMSAP2","KMT2C",0.0344438170525127
"CCDC88A","KMT2C",0.0344438170525127
"CHRND","KMT2C",0.0344438170525127
"CNTROB","KMT2C",0.0344438170525127
"COBLL1","KMT2C",0.0344438170525127
"CREBZF","KMT2C",0.0344438170525127
"CRYBG3","KMT2C",0.0344438170525127
"CSMD1","KMT2C",0.0344438170525127
"CYB5D2","KMT2C",0.0344438170525127
"DCHS2","KMT2C",0.0344438170525127
"DDX39B","KMT2C",0.0344438170525127
"DIS3L","KMT2C",0.0344438170525127
"DMBT1","KMT2C",0.0344438170525127
"DNAJC13","KMT2C",0.0344438170525127
"DNM2","KMT2C",0.0344438170525127
"DSE","KMT2C",0.0344438170525127
"DSG1","KMT2C",0.0344438170525127
"DYNC1LI1","KMT2C",0.0344438170525127
"EXOC1","KMT2C",0.0344438170525127
"FIGF","KMT2C",0.0344438170525127
"FLT3","KMT2C",0.0344438170525127
"FRAS1","KMT2C",0.0344438170525127
"GPNMB","KMT2C",0.0344438170525127
"GRAMD1B","KMT2C",0.0344438170525127
"GRIK3","KMT2C",0.0344438170525127
"HEATR1","KMT2C",0.0344438170525127
"HIST1H3F","KMT2C",0.0344438170525127
"HKDC1","KMT2C",0.0344438170525127
"HMHA1","KMT2C",0.0344438170525127
"HNRNPH1","KMT2C",0.0344438170525127
"HYOU1","KMT2C",0.0344438170525127
"IST1","KMT2C",0.0344438170525127
"ITIH1","KMT2C",0.0344438170525127
"ITPR3","KMT2C",0.0344438170525127
"KCNC4","KMT2C",0.0344438170525127
"KCNK5","KMT2C",0.0344438170525127
"KCTD16","KMT2C",0.0344438170525127
"KIAA1217","KMT2C",0.0344438170525127
"KMT2C","ARHGAP30",0.0344438170525127
"KMT2C","ARHGAP44",0.0344438170525127
"KMT2C","ARNTL",0.0344438170525127
"KMT2C","ASXL1",0.0344438170525127
"KMT2C","ATM",0.0344438170525127
"KMT2C","BMP1",0.0344438170525127
"KMT2C","C19orf57",0.0344438170525127
"KMT2C","C2orf16",0.0344438170525127
"KMT2C","C4orf21",0.0344438170525127
"KMT2C","CAMSAP2",0.0344438170525127
"KMT2C","CCDC88A",0.0344438170525127
"KMT2C","CHRND",0.0344438170525127
"KMT2C","CNTROB",0.0344438170525127
"KMT2C","COBLL1",0.0344438170525127
"KMT2C","CREBZF",0.0344438170525127
"KMT2C","CRYBG3",0.0344438170525127
"KMT2C","CSMD1",0.0344438170525127
"KMT2C","CYB5D2",0.0344438170525127
"KMT2C","DCHS2",0.0344438170525127
"KMT2C","DDX39B",0.0344438170525127
"KMT2C","DIS3L",0.0344438170525127
"KMT2C","DMBT1",0.0344438170525127
"KMT2C","DNAJC13",0.0344438170525127
"KMT2C","DNM2",0.0344438170525127
"KMT2C","DSE",0.0344438170525127
"KMT2C","DSG1",0.0344438170525127
"KMT2C","DYNC1LI1",0.0344438170525127
"KMT2C","EXOC1",0.0344438170525127
"KMT2C","FIGF",0.0344438170525127
"KMT2C","FLT3",0.0344438170525127
"KMT2C","FRAS1",0.0344438170525127
"KMT2C","GPNMB",0.0344438170525127
"KMT2C","GRAMD1B",0.0344438170525127
"KMT2C","GRIK3",0.0344438170525127
"KMT2C","HEATR1",0.0344438170525127
"KMT2C","HIST1H3F",0.0344438170525127
"KMT2C","HKDC1",0.0344438170525127
"KMT2C","HMHA1",0.0344438170525127
"KMT2C","HNRNPH1",0.0344438170525127
"KMT2C","HYOU1",0.0344438170525127
"KMT2C","IST1",0.0344438170525127
"KMT2C","ITIH1",0.0344438170525127
"KMT2C","ITPR3",0.0344438170525127
"KMT2C","KCNC4",0.0344438170525127
"KMT2C","KCNK5",0.0344438170525127
"KMT2C","KCTD16",0.0344438170525127
"KMT2C","KIAA1217",0.0344438170525127
"KMT2C","KRTAP4-4",0.0344438170525127
"KMT2C","L3MBTL1",0.0344438170525127
"KMT2C","LDLRAD3",0.0344438170525127
"KMT2C","LYST",0.0344438170525127
"KMT2C","MUC21",0.0344438170525127
"KMT2C","MYO18A",0.0344438170525127
"KMT2C","MYT1",0.0344438170525127
"KMT2C","NBEAL2",0.0344438170525127
"KMT2C","NBPF1",0.0344438170525127
"KMT2C","NBPF3",0.0344438170525127
"KMT2C","NCOA1",0.0344438170525127
"KMT2C","NLRP8",0.0344438170525127
"KMT2C","NOS2",0.0344438170525127
"KMT2C","NSRP1",0.0344438170525127
"KMT2C","NUDT16",0.0344438170525127
"KMT2C","NUP188",0.0344438170525127
"KMT2C","OTOF",0.0344438170525127
"KMT2C","PADI3",0.0344438170525127
"KMT2C","PCDHAC1",0.0344438170525127
"KMT2C","PCDHGB1",0.0344438170525127
"KMT2C","PDS5B",0.0344438170525127
"KMT2C","PLCG2",0.0344438170525127
"KMT2C","PPCS",0.0344438170525127
"KMT2C","PRDM13",0.0344438170525127
"KMT2C","PRICKLE1",0.0344438170525127
"KMT2C","PRKD2",0.0344438170525127
"KMT2C","PROM2",0.0344438170525127
"KMT2C","PTPN3",0.0344438170525127
"KMT2C","PTPRD",0.0344438170525127
"KMT2C","PTPRN",0.0344438170525127
"KMT2C","RAB3GAP2",0.0344438170525127
"KMT2C","RALGAPA2",0.0344438170525127
"KMT2C","RBBP6",0.0344438170525127
"KMT2C","RBL1",0.0344438170525127
"KMT2C","RIC8B",0.0344438170525127
"KMT2C","RIMS1",0.0344438170525127
"KMT2C","RSC1A1",0.0344438170525127
"KMT2C","RSPH6A",0.0344438170525127
"KMT2C","RTN3",0.0344438170525127
"KMT2C","SCN10A",0.0344438170525127
"KMT2C","SEMG2",0.0344438170525127
"KMT2C","SLC25A13",0.0344438170525127
"KMT2C","SLC32A1",0.0344438170525127
"KMT2C","SLC5A8",0.0344438170525127
"KMT2C","SMARCAL1",0.0344438170525127
"KMT2C","SPECC1L",0.0344438170525127
"KMT2C","SPG11",0.0344438170525127
"KMT2C","SPIRE2",0.0344438170525127
"KMT2C","SSX2IP",0.0344438170525127
"KMT2C","TEKT2",0.0344438170525127
"KMT2C","TGM2",0.0344438170525127
"KMT2C","TNKS",0.0344438170525127
"KMT2C","UBR4",0.0344438170525127
"KMT2C","ZFHX3",0.0344438170525127
"KMT2C","ZFP30",0.0344438170525127
"KMT2C","ZNF300",0.0344438170525127
"KMT2C","ZNF592",0.0344438170525127
"KMT2C","ZNF599",0.0344438170525127
"KMT2C","ZNF649",0.0344438170525127
"KMT2C","ZNF724P",0.0344438170525127
"KMT2C","ZNF831",0.0344438170525127
"KMT2C","ZNF836",0.0344438170525127
"KRTAP4-4","KMT2C",0.0344438170525127
"L3MBTL1","KMT2C",0.0344438170525127
"LDLRAD3","KMT2C",0.0344438170525127
"LYST","KMT2C",0.0344438170525127
"MUC21","KMT2C",0.0344438170525127
"MYO18A","KMT2C",0.0344438170525127
"MYT1","KMT2C",0.0344438170525127
"NBEAL2","KMT2C",0.0344438170525127
"NBPF1","KMT2C",0.0344438170525127
"NBPF3","KMT2C",0.0344438170525127
"NCOA1","KMT2C",0.0344438170525127
"NLRP8","KMT2C",0.0344438170525127
"NOS2","KMT2C",0.0344438170525127
"NSRP1","KMT2C",0.0344438170525127
"NUDT16","KMT2C",0.0344438170525127
"NUP188","KMT2C",0.0344438170525127
"OTOF","KMT2C",0.0344438170525127
"PADI3","KMT2C",0.0344438170525127
"PCDHAC1","KMT2C",0.0344438170525127
"PCDHGB1","KMT2C",0.0344438170525127
"PDS5B","KMT2C",0.0344438170525127
"PLCG2","KMT2C",0.0344438170525127
"PPCS","KMT2C",0.0344438170525127
"PRDM13","KMT2C",0.0344438170525127
"PRICKLE1","KMT2C",0.0344438170525127
"PRKD2","KMT2C",0.0344438170525127
"PROM2","KMT2C",0.0344438170525127
"PTPN3","KMT2C",0.0344438170525127
"PTPRD","KMT2C",0.0344438170525127
"PTPRN","KMT2C",0.0344438170525127
"RAB3GAP2","KMT2C",0.0344438170525127
"RALGAPA2","KMT2C",0.0344438170525127
"RBBP6","KMT2C",0.0344438170525127
"RBL1","KMT2C",0.0344438170525127
"RIC8B","KMT2C",0.0344438170525127
"RIMS1","KMT2C",0.0344438170525127
"RSC1A1","KMT2C",0.0344438170525127
"RSPH6A","KMT2C",0.0344438170525127
"RTN3","KMT2C",0.0344438170525127
"SCN10A","KMT2C",0.0344438170525127
"SEMG2","KMT2C",0.0344438170525127
"SLC25A13","KMT2C",0.0344438170525127
"SLC32A1","KMT2C",0.0344438170525127
"SLC5A8","KMT2C",0.0344438170525127
"SMARCAL1","KMT2C",0.0344438170525127
"SPECC1L","KMT2C",0.0344438170525127
"SPG11","KMT2C",0.0344438170525127
"SPIRE2","KMT2C",0.0344438170525127
"SSX2IP","KMT2C",0.0344438170525127
"TEKT2","KMT2C",0.0344438170525127
"TGM2","KMT2C",0.0344438170525127
"TNKS","KMT2C",0.0344438170525127
"UBR4","KMT2C",0.0344438170525127
"ZFHX3","KMT2C",0.0344438170525127
"ZFP30","KMT2C",0.0344438170525127
"ZNF300","KMT2C",0.0344438170525127
"ZNF592","KMT2C",0.0344438170525127
"ZNF599","KMT2C",0.0344438170525127
"ZNF649","KMT2C",0.0344438170525127
"ZNF724P","KMT2C",0.0344438170525127
"ZNF831","KMT2C",0.0344438170525127
"ZNF836","KMT2C",0.0344438170525127
"CUBN","ANKRD30A",0.0349650349650349
"CUBN","RNF168",0.0349650349650349
"CUBN","UBR5",0.0349650349650349
"ANKRD30A","CUBN",0.034965034965035
"RNF168","CUBN",0.034965034965035
"UBR5","CUBN",0.034965034965035
"TTN","TYRO3",0.0353201504769883
"TYRO3","TTN",0.0353201504769883
"CUBN","ERBB3",0.040450813152388
"ERBB3","CUBN",0.040450813152388
"BIRC6","BLM",0.0405594405594406
"BIRC6","PSD3",0.0405594405594406
"BIRC6","ZNF93",0.0405594405594406
"BLM","BIRC6",0.0405594405594406
"BLM","RB1",0.0405594405594406
"BLM","XIRP2",0.0405594405594406
"PSD3","BIRC6",0.0405594405594406
"PSD3","RB1",0.0405594405594406
"PSD3","XIRP2",0.0405594405594406
"RB1","BLM",0.0405594405594406
"RB1","PSD3",0.0405594405594406
"RB1","ZNF93",0.0405594405594406
"XIRP2","BLM",0.0405594405594406
"XIRP2","PSD3",0.0405594405594406
"XIRP2","ZNF93",0.0405594405594406
"ZNF93","BIRC6",0.0405594405594406
"ZNF93","RB1",0.0405594405594406
"ZNF93","XIRP2",0.0405594405594406
"NBPF10","FBLN1",0.0405594405594406
"FBLN1","NBPF10",0.0405594405594406
"IRS4","NBPF10",0.0405594405594406
"NBPF10","IRS4",0.0405594405594406
"AHNAK2","IRS4",0.0405594405594406
"ANKRD30A","MYCBP2",0.0405594405594406
"BIRC6","FBLN1",0.0405594405594406
"DYNC1H1","IRS4",0.0405594405594406
"FAM47C","IRS4",0.0405594405594406
"FBLN1","BIRC6",0.0405594405594406
"FBLN1","RB1",0.0405594405594406
"FBLN1","XIRP2",0.0405594405594406
"FRY","IRS4",0.0405594405594406
"MUC17","IRS4",0.0405594405594406
"PCLO","IRS4",0.0405594405594406
"RB1","FBLN1",0.0405594405594406
"RNF168","MYCBP2",0.0405594405594406
"UBR5","MYCBP2",0.0405594405594406
"VPS13D","IRS4",0.0405594405594406
"XIRP2","FBLN1",0.0405594405594406
"ZNF479","IRS4",0.0405594405594406
"ZNF708","IRS4",0.0405594405594406
"IRS4","AHNAK2",0.0405594405594406
"IRS4","DYNC1H1",0.0405594405594406
"IRS4","FAM47C",0.0405594405594406
"IRS4","FRY",0.0405594405594406
"IRS4","MUC17",0.0405594405594406
"IRS4","PCLO",0.0405594405594406
"IRS4","VPS13D",0.0405594405594406
"IRS4","ZNF479",0.0405594405594406
"IRS4","ZNF708",0.0405594405594406
"MYCBP2","ANKRD30A",0.0405594405594406
"MYCBP2","RNF168",0.0405594405594406
"MYCBP2","UBR5",0.0405594405594406
"MYCBP2","TP53",0.0407523510971787
"TP53","MYCBP2",0.0407523510971787
"TYRO3","FAT1",0.0407636738906089
"TYRO3","PDE4DIP",0.0407636738906089
"TYRO3","ZNF844",0.0407636738906089
"FAT1","TYRO3",0.0407636738906089
"PDE4DIP","TYRO3",0.0407636738906089
"ZNF844","TYRO3",0.0407636738906089
"ASH1L","KMT2C",0.0418803418803419
"CSMD3","KMT2C",0.0418803418803419
"FLG","KMT2C",0.0418803418803419
"HMCN1","KMT2C",0.0418803418803419
"ZNF106","KMT2C",0.0418803418803419
"ZNF681","KMT2C",0.0418803418803419
"KMT2C","ASH1L",0.0418803418803419
"KMT2C","CSMD3",0.0418803418803419
"KMT2C","FLG",0.0418803418803419
"KMT2C","HMCN1",0.0418803418803419
"KMT2C","ZNF106",0.0418803418803419
"KMT2C","ZNF681",0.0418803418803419
"BLM","DST",0.0429864253393665
"BLM","SYNE1",0.0429864253393665
"DST","BLM",0.0429864253393665
"DST","PSD3",0.0429864253393665
"DST","ZNF93",0.0429864253393665
"PSD3","DST",0.0429864253393665
"PSD3","SYNE1",0.0429864253393665
"SYNE1","BLM",0.0429864253393665
"SYNE1","PSD3",0.0429864253393665
"SYNE1","ZNF93",0.0429864253393665
"ZNF93","DST",0.0429864253393665
"ZNF93","SYNE1",0.0429864253393665
"MUC16","CUBN",0.0448362915316536
"CUBN","MUC16",0.0448362915316536
"AGO3","SPEN",0.0473429951690821
"ARID4B","SPEN",0.0473429951690821
"BOD1L1","SPEN",0.0473429951690821
"BRWD1","SPEN",0.0473429951690821
"C17orf70","SPEN",0.0473429951690821
"CACNA1G","SPEN",0.0473429951690821
"DNAH9","SPEN",0.0473429951690821
"EIF2AK4","SPEN",0.0473429951690821
"FLNB","SPEN",0.0473429951690821
"FRMPD1","SPEN",0.0473429951690821
"IMMT","SPEN",0.0473429951690821
"KALRN","SPEN",0.0473429951690821
"KIAA0922","SPEN",0.0473429951690821
"KIAA1377","SPEN",0.0473429951690821
"LCT","SPEN",0.0473429951690821
"MAGEC1","SPEN",0.0473429951690821
"MYH1","SPEN",0.0473429951690821
"MYH15","SPEN",0.0473429951690821
"MYH4","SPEN",0.0473429951690821
"PAN2","SPEN",0.0473429951690821
"POLR2A","SPEN",0.0473429951690821
"ROBO2","SPEN",0.0473429951690821
"TATDN2","SPEN",0.0473429951690821
"TRIP11","SPEN",0.0473429951690821
"VCAN","SPEN",0.0473429951690821
"ZFP36L1","SPEN",0.0473429951690821
"ZNF780A","SPEN",0.0473429951690821
"ZZEF1","SPEN",0.0473429951690821
"SPEN","AGO3",0.0473429951690821
"SPEN","ARID4B",0.0473429951690821
"SPEN","BOD1L1",0.0473429951690821
"SPEN","BRWD1",0.0473429951690821
"SPEN","C17orf70",0.0473429951690821
"SPEN","CACNA1G",0.0473429951690821
"SPEN","DNAH9",0.0473429951690821
"SPEN","EIF2AK4",0.0473429951690821
"SPEN","FLNB",0.0473429951690821
"SPEN","FRMPD1",0.0473429951690821
"SPEN","IMMT",0.0473429951690821
"SPEN","KALRN",0.0473429951690821
"SPEN","KIAA0922",0.0473429951690821
"SPEN","KIAA1377",0.0473429951690821
"SPEN","LCT",0.0473429951690821
"SPEN","MAGEC1",0.0473429951690821
"SPEN","MYH1",0.0473429951690821
"SPEN","MYH15",0.0473429951690821
"SPEN","MYH4",0.0473429951690821
"SPEN","PAN2",0.0473429951690821
"SPEN","POLR2A",0.0473429951690821
"SPEN","ROBO2",0.0473429951690821
"SPEN","TATDN2",0.0473429951690821
"SPEN","TRIP11",0.0473429951690821
"SPEN","VCAN",0.0473429951690821
"SPEN","ZFP36L1",0.0473429951690821
"SPEN","ZNF780A",0.0473429951690821
"SPEN","ZZEF1",0.0473429951690821
"TYRO3","ASH1L",0.0473856209150327
"TYRO3","CSMD3",0.0473856209150327
"TYRO3","FLG",0.0473856209150327
"TYRO3","HMCN1",0.0473856209150327
"TYRO3","ZNF106",0.0473856209150327
"TYRO3","ZNF681",0.0473856209150327
"ASH1L","TYRO3",0.0473856209150327
"CSMD3","TYRO3",0.0473856209150327
"FLG","TYRO3",0.0473856209150327
"HMCN1","TYRO3",0.0473856209150327
"ZNF106","TYRO3",0.0473856209150327
"ZNF681","TYRO3",0.0473856209150327
"SPEN","FAT4",0.0494486627653915
"SPEN","ZNF626",0.0494486627653915
"FAT4","SPEN",0.0494486627653916
"ZNF626","SPEN",0.0494486627653916
"ACIN1","IRS4",0.0497737556561086
"PIK3CA","IRS4",0.0497737556561086
"SYNE2","IRS4",0.0497737556561086
"ZNF716","MYCBP2",0.0497737556561086
"IRS4","ACIN1",0.0497737556561086
"IRS4","PIK3CA",0.0497737556561086
"IRS4","SYNE2",0.0497737556561086
"MYCBP2","ZNF716",0.0497737556561086
"FAT4","FBLN1",0.0497737556561086
"FBLN1","FAT4",0.0497737556561086
"FBLN1","ZNF626",0.0497737556561086
"ZNF626","FBLN1",0.0497737556561086
"CUBN","ZNF721",0.0497737556561086
"ZNF721","CUBN",0.0497737556561086
"CUBN","ZNF716",0.0497737556561086
"ZNF716","CUBN",0.0497737556561086
